"county","state","GEOID","rate"
"Union County","FL","12125",982.6
"Harding County","NM","35021",721
"Holmes County","MS","28051",697.2
"Logan County","NE","31113",642.5
"Yalobusha County","MS","28161",636.3
"Dallam County","TX","48111",626.1
"Kingsbury County","SD","46077",606.9
"Meagher County","MT","30059",593.8
"Clay County","WV","54015",593.1
"Greene County","AL","01063",591.2
"Thomas County","NE","31171",590
"Sanborn County","SD","46111",587.8
"Turner County","GA","13287",574.7
"Iberville Parish","LA","22047",574.4
"Grand Isle County","VT","50013",573.3
"Golden Valley County","MT","30037",567.8
"Lewis County","WV","54041",566.2
"Catahoula Parish","LA","22025",562.9
"Tucker County","WV","54093",561.7
"Cape May County","NJ","34009",557.5
"Haakon County","SD","46055",557
"Ida County","IA","19093",556.9
"Wyoming County","NY","36121",554.6
"Vilas County","WI","55125",551.4
"East Feliciana Parish","LA","22037",551
"Garfield County","NE","31071",550.5
"Logan County","WV","54045",550.5
"Marion County","TN","47115",550.3
"Bullock County","AL","01011",549.6
"Treasure County","MT","30103",548.8
"Erie County","NY","36029",548.5
"Chautauqua County","NY","36013",547.8
"Adams County","IA","19003",546.9
"Suffolk County","NY","36103",546.1
"Calhoun County","IA","19025",545.8
"Benton County","TN","47005",545.2
"Lee County","GA","13177",543.2
"Tunica County","MS","28143",542.9
"Camden County","NJ","34007",542.2
"Gloucester County","NJ","34015",542
"Dewey County","SD","46041",540.9
"Nassau County","NY","36059",540.6
"Lewis County","TN","47101",540.5
"Cumberland County","NJ","34011",539.9
"Talbot County","GA","13263",539.4
"Pulaski County","MO","29169",538.6
"Burlington County","NJ","34005",538.2
"Greene County","IA","19073",537.9
"Cheatham County","TN","47021",536.8
"St. Landry Parish","LA","22097",536.5
"Gregory County","SD","46053",536.5
"Towns County","GA","13281",536.1
"Wayne County","MO","29223",535.6
"Page County","IA","19145",535.3
"Richmond County","NY","36085",534.9
"Monmouth County","NJ","34025",534.4
"Union County","SD","46127",534.2
"Saline County","NE","31151",534
"Chattahoochee County","GA","13053",533.1
"Gem County","ID","16045",532.7
"St. Francois County","MO","29187",532.5
"Mingo County","WV","54059",532.3
"Washington Parish","LA","22117",532.2
"West Baton Rouge Parish","LA","22121",532
"Polk County","TX","48373",531.2
"Humphreys County","TN","47085",531.1
"Osceola County","MI","26133",531.1
"Vermilion Parish","LA","22113",529.9
"Scott County","MS","28123",529.1
"Musselshell County","MT","30065",528.8
"Union County","TN","47173",528.6
"Rockland County","NY","36087",527.5
"Washington County","MS","28151",526.5
"Dallas County","AL","01047",526.3
"Wicomico County","MD","24045",525.7
"Clayton County","GA","13063",525.6
"Scott County","TN","47151",525.5
"Chambers County","AL","01017",525.5
"Oswego County","NY","36075",525.1
"Sabine Parish","LA","22085",524.5
"Gray County","TX","48179",524.2
"Wexford County","MI","26165",523.9
"Jackson County","IA","19097",523.7
"Leflore County","MS","28083",523.2
"Winkler County","TX","48495",522.6
"Ocean County","NJ","34029",522.6
"Hale County","AL","01065",522.5
"Onondaga County","NY","36067",522.5
"Alpena County","MI","26007",522
"Atlantic County","NJ","34001",521.8
"Chenango County","NY","36017",521.4
"Macon County","AL","01087",521.3
"Rensselaer County","NY","36083",521
"Warren County","NY","36113",521
"Wayne County","MI","26163",521
"Russell County","AL","01113",520.8
"Honolulu County","HI","15003",520.6
"Heard County","GA","13149",520.4
"Grand Traverse County","MI","26055",520.3
"Genesee County","NY","36037",520.1
"Clinton County","NY","36019",519.6
"Sherman County","OR","41055",519.4
"Stanley County","SD","46117",519.1
"Marlboro County","SC","45069",519.1
"Wapello County","IA","19179",518.9
"Forrest County","MS","28035",518.6
"De Soto Parish","LA","22031",518.3
"Mercer County","NJ","34021",518.1
"Hamilton County","NY","36041",518
"Nome Census Area","AK","02180",517.6
"Middlesex County","NJ","34023",517.3
"Hughes County","SD","46065",516.5
"Iron County","MO","29093",516.2
"Tyrrell County","NC","37177",516.1
"Tift County","GA","13277",515.7
"Somerset County","MD","24039",515.6
"Wayne County","NY","36117",515.5
"Cattaraugus County","NY","36009",515.5
"Minnehaha County","SD","46099",515.4
"Scotland County","NC","37165",515.4
"Washington County","NY","36115",515.4
"Grant County","AR","05053",515.3
"Orange County","NY","36071",515.1
"Copiah County","MS","28029",515.1
"Salem County","NJ","34033",515
"Boone County","WV","54005",514.9
"Rowan County","NC","37159",514.6
"St. Martin Parish","LA","22099",514.5
"Hardin County","IA","19083",514.3
"Putnam County","NY","36079",514.2
"Glascock County","GA","13125",514
"Pierce County","WA","53053",513.7
"Marion County","WV","54049",513.3
"Rockingham County","NC","37157",513
"Harrison County","MS","28047",512.7
"Des Moines County","IA","19057",512.4
"Niagara County","NY","36063",512
"Polk County","GA","13233",511.5
"Allegany County","MD","24001",511.5
"Pike County","MO","29163",511.5
"Rockingham County","NH","33015",511.4
"Dickinson County","IA","19059",511.4
"Duval County","FL","12031",511.2
"Kanawha County","WV","54039",511.1
"Bronx County","NY","36005",511.1
"Lamar County","GA","13171",511
"Pickens County","GA","13227",510.9
"Fulton County","NY","36035",510.8
"Claiborne County","TN","47025",510.7
"Wetzel County","WV","54103",510.4
"Levy County","FL","12075",510.3
"Oneida County","WI","55085",510.2
"Stone County","MS","28131",510
"Jackson County","GA","13157",509.9
"Napa County","CA","06055",509.8
"Caldwell County","MO","29025",509.7
"Jones County","NC","37103",509.1
"Baltimore City","MD","24510",508.8
"Westchester County","NY","36119",508.8
"Genesee County","MI","26049",508.7
"Flathead County","MT","30029",508.7
"Grays Harbor County","WA","53027",508.6
"Forest County","WI","55041",508.4
"Merrimack County","NH","33013",508.4
"Montgomery County","NY","36057",508.3
"Cortland County","NY","36023",508.3
"Henry County","MO","29083",508.2
"Hall County","GA","13139",508.1
"McClain County","OK","40087",508
"Richmond County","NC","37153",507.8
"Terrell County","GA","13273",507.8
"Boone County","NE","31011",507.8
"Grainger County","TN","47057",507.7
"Floyd County","IA","19067",507.7
"Webster County","MS","28155",507.5
"Hickman County","TN","47081",507.2
"Martin County","NC","37117",507.1
"Polk County","FL","12105",506.8
"Saratoga County","NY","36091",506.7
"Muscatine County","IA","19139",506.3
"Scurry County","TX","48415",506.3
"Terrebonne Parish","LA","22109",506.2
"Polk County","TN","47139",506
"Douglas County","SD","46043",505.5
"Muskegon County","MI","26121",505.2
"Warren County","NJ","34041",504.9
"Morris County","NJ","34027",504.8
"Randolph County","NC","37151",504.8
"Early County","GA","13099",504.8
"Albany County","NY","36001",504.8
"Walker County","AL","01127",504.6
"Starke County","IN","18149",504.5
"Hawkins County","TN","47073",504.3
"Lee County","IA","19111",504.2
"Ohio County","IN","18115",504.1
"Fentress County","TN","47049",503.4
"Belknap County","NH","33001",503.4
"Lanier County","GA","13173",503.3
"Skagit County","WA","53057",503.3
"Harrison County","WV","54033",503.2
"Solano County","CA","06095",503.1
"Macon County","TN","47111",503.1
"Knox County","OH","39083",503
"Gilliam County","OR","41021",503
"Allegany County","NY","36003",502.7
"Bay County","FL","12005",502.6
"Chemung County","NY","36015",502.5
"Stewart County","TN","47161",502.4
"St. Tammany Parish","LA","22103",502.4
"Effingham County","GA","13103",502.4
"Aurora County","SD","46003",502.2
"Quitman County","GA","13239",501.8
"Spalding County","GA","13255",501.6
"Bartow County","GA","13015",501.1
"Perry County","MS","28111",501.1
"Carter County","MO","29035",500.8
"Harrison County","IA","19085",500.8
"Dougherty County","GA","13095",500.7
"Tattnall County","GA","13267",500.6
"Potter County","TX","48375",500.4
"Hot Springs County","WY","56017",500.4
"Walworth County","WI","55127",500.3
"Randolph County","IN","18135",500.2
"Terrell County","TX","48443",500.2
"Orleans County","NY","36073",500.1
"Lumpkin County","GA","13187",500.1
"Broome County","NY","36007",500
"Ketchikan Gateway Borough","AK","02130",499.7
"Strafford County","NH","33017",499.7
"Guilford County","NC","37081",499.7
"Beaufort County","NC","37013",499.5
"Cabell County","WV","54011",499.4
"Grant County","IN","18053",499.3
"Morgan County","GA","13211",499.3
"Greene County","NY","36039",499.2
"Cook County","GA","13075",499.2
"Macomb County","MI","26099",499.2
"Washington County","AL","01129",498.9
"Kitsap County","WA","53035",498.8
"Snohomish County","WA","53061",498.6
"Webster Parish","LA","22119",498.6
"Clay County","IA","19041",498.5
"Burke County","NC","37023",498.5
"Perry County","TN","47135",498.4
"Woodruff County","AR","05147",498.3
"Onslow County","NC","37133",498.3
"Chickasaw County","MS","28017",498.3
"Marion County","MO","29127",498.3
"Lonoke County","AR","05085",498.1
"Dorchester County","SC","45035",498
"Madison County","GA","13195",498
"Anderson County","TN","47001",498
"Scott County","MO","29201",497.9
"Thurston County","WA","53067",497.9
"Jackson County","AR","05067",497.8
"Elmore County","ID","16039",497.8
"Monroe County","MS","28095",497.4
"Davie County","NC","37059",497.3
"Pike County","MS","28113",497.2
"Jefferson County","NY","36045",497.1
"Gaston County","NC","37071",497.1
"Monroe County","NY","36055",497.1
"Rush County","IN","18139",497.1
"Knox County","IN","18083",497
"Cherokee County","GA","13057",497
"Muscogee County","GA","13215",497
"Putnam County","WV","54079",496.9
"Bergen County","NJ","34003",496.9
"Moore County","NC","37125",496.9
"West Feliciana Parish","LA","22125",496.8
"Chattooga County","GA","13055",496.7
"Lincoln County","WI","55069",496.6
"Washburn County","WI","55129",496.6
"Somerset County","NJ","34035",496.5
"Cedar County","IA","19031",496.4
"Dutchess County","NY","36027",496.3
"Morgan County","IN","18109",496.2
"Marion County","FL","12083",496.2
"Campbell County","TN","47013",496.2
"Forsyth County","GA","13117",496.1
"Scioto County","OH","39145",496
"Iberia Parish","LA","22045",495.8
"Rhea County","TN","47143",495.8
"Lee County","MS","28081",495.7
"Lafayette Parish","LA","22055",495.6
"Linn County","MO","29115",495.6
"Oneida County","NY","36065",495.3
"New Haven County","CT","09009",495.2
"Oakland County","MI","26125",495.1
"Paulding County","GA","13223",495.1
"Panola County","MS","28107",495
"Peach County","GA","13225",494.9
"Ben Hill County","GA","13017",494.9
"Bell County","TX","48027",494.7
"Madison County","NY","36053",494.2
"Livingston Parish","LA","22063",494.1
"Buchanan County","IA","19019",494.1
"Giles County","TN","47055",493.9
"Hancock County","WV","54029",493.9
"Cabarrus County","NC","37025",493.8
"Queens County","NY","36081",493.8
"Roscommon County","MI","26143",493.4
"Martin County","IN","18101",493.4
"Monona County","IA","19133",493.3
"Jefferson County","AR","05069",493.3
"Gordon County","GA","13129",493.3
"Passaic County","NJ","34031",493.2
"Granville County","NC","37077",493.1
"Dorchester County","MD","24019",493.1
"Cobb County","GA","13067",492.9
"Butte County","CA","06007",492.9
"Greenbrier County","WV","54025",492.9
"Hillsborough County","FL","12057",492.9
"Franklin County","MO","29071",492.8
"Sevier County","TN","47155",492.8
"Providence County","RI","44007",492.4
"Habersham County","GA","13137",492.3
"Carroll County","GA","13045",492.2
"Jefferson County","WA","53031",492.2
"Franklin County","GA","13119",492
"Marshall County","TN","47117",491.9
"Tompkins County","NY","36109",491.8
"Union County","GA","13291",491.8
"Petroleum County","MT","30069",491.8
"Union County","NJ","34039",491.7
"Warren County","IA","19181",491.7
"Davison County","SD","46035",491.6
"Monroe County","IA","19135",491.5
"Adams County","WI","55001",491.4
"Custer County","MT","30017",491.4
"Fairfield County","CT","09001",491.3
"Tioga County","NY","36107",491.3
"Cameron Parish","LA","22023",491.2
"Ontario County","NY","36069",491.1
"Sussex County","NJ","34037",491
"Garvin County","OK","40049",490.9
"San Mateo County","CA","06081",490.9
"Cecil County","MD","24015",490.9
"Dickson County","TN","47043",490.9
"Leake County","MS","28079",490.8
"Putnam County","FL","12107",490.8
"Mills County","IA","19129",490.7
"Cleveland County","NC","37045",490.6
"Shiawassee County","MI","26155",490.6
"Buchanan County","MO","29021",490.6
"Trousdale County","TN","47169",490.5
"Madison County","MO","29123",490.5
"Racine County","WI","55101",490.5
"Harford County","MD","24025",490.4
"Dodge County","NE","31053",490.4
"Webster County","NE","31181",490.2
"Clay County","GA","13061",490.2
"Cerro Gordo County","IA","19033",490.1
"Waldo County","ME","23027",490.1
"Blackford County","IN","18009",489.9
"Jefferson Davis Parish","LA","22053",489.8
"Schuyler County","NY","36097",489.8
"Wayne County","IN","18177",489.7
"Kiowa County","OK","40075",489.7
"Robertson County","TN","47147",489.7
"Taylor County","IA","19173",489.5
"Lake County","FL","12069",489.5
"Reagan County","TX","48383",489.4
"Bryan County","GA","13029",489.4
"St. Bernard Parish","LA","22087",489.4
"Vigo County","IN","18167",489.3
"Scott County","IA","19163",489.3
"Rusk County","WI","55107",489.2
"Pearl River County","MS","28109",489
"Seneca County","NY","36099",488.9
"Hillsborough County","NH","33011",488.9
"Angelina County","TX","48005",488.9
"Poinsett County","AR","05111",488.8
"Gwinnett County","GA","13135",488.6
"Auglaize County","OH","39011",488.4
"Hamblen County","TN","47063",488.4
"Lake County","OH","39085",488.3
"Prairie County","MT","30079",488.2
"Lenoir County","NC","37107",488.2
"Okeechobee County","FL","12093",488.1
"Overton County","TN","47133",488.1
"York County","ME","23031",488
"Penobscot County","ME","23019",488
"Canadian County","OK","40017",487.9
"Ingham County","MI","26065",487.8
"Echols County","GA","13101",487.7
"Miner County","SD","46097",487.6
"Douglas County","GA","13097",487.5
"Forsyth County","NC","37067",487.4
"Jefferson Parish","LA","22051",487.4
"Mississippi County","MO","29133",487.3
"Winn Parish","LA","22127",487.3
"McDowell County","NC","37111",487.2
"Upson County","GA","13293",487.2
"Jasper County","GA","13159",487.1
"St. Louis County","MO","29189",487.1
"Washington County","ME","23029",487.1
"Tangipahoa Parish","LA","22105",487.1
"Brown County","OH","39015",487.1
"Yates County","NY","36123",487
"Loudon County","TN","47105",487
"Dubuque County","IA","19061",487
"Carteret County","NC","37031",486.9
"Mercer County","WV","54055",486.8
"Jackson County","MS","28059",486.7
"Itawamba County","MS","28057",486.6
"Barbour County","AL","01005",486.6
"Grant Parish","LA","22043",486.4
"Bibb County","GA","13021",486.4
"Stewart County","GA","13259",486.2
"Grenada County","MS","28043",486.2
"Wayne County","GA","13305",486.1
"Yoakum County","TX","48501",486.1
"Marion County","IA","19125",486
"Schoharie County","NY","36095",485.7
"Cuyahoga County","OH","39035",485.6
"Crawford County","MO","29055",485.6
"Berkeley County","SC","45015",485.5
"Hartford County","CT","09003",485.5
"Knox County","TN","47093",485.5
"St. Lawrence County","NY","36089",485.4
"Columbia County","WI","55021",485.4
"Hall County","NE","31079",485.4
"Lamar County","AL","01075",485.4
"Cochran County","TX","48079",485.3
"Bienville Parish","LA","22013",485.3
"Lake County","IN","18089",485.3
"Webster County","WV","54101",485.2
"Mason County","WA","53045",485.2
"Wright County","MO","29229",485.2
"Barrow County","GA","13013",485.1
"Ohio County","WV","54069",485
"Fall River County","SD","46047",485
"Kent County","RI","44003",485
"Smith County","TN","47159",485
"Emmet County","MI","26047",484.8
"Sequatchie County","TN","47153",484.7
"Hancock County","IA","19081",484.7
"Stanly County","NC","37167",484.7
"Guernsey County","OH","39059",484.6
"Hancock County","ME","23009",484.5
"Butts County","GA","13035",484.5
"Ashtabula County","OH","39007",484.5
"Jennings County","IN","18079",484.4
"Baltimore County","MD","24005",484.4
"Bossier Parish","LA","22015",484.4
"Decatur County","IA","19053",484.3
"Whatcom County","WA","53073",484.3
"Stephens County","GA","13257",484.3
"Kings County","NY","36047",484.2
"Clallam County","WA","53009",484
"Dewey County","OK","40043",483.9
"Shasta County","CA","06089",483.9
"Milwaukee County","WI","55079",483.9
"Montgomery County","MO","29139",483.8
"Vernon Parish","LA","22115",483.8
"Lauderdale County","TN","47097",483.7
"Essex County","NJ","34013",483.6
"Vermillion County","IN","18165",483.6
"Sharp County","AR","05135",483.6
"Maverick County","TX","48323",483.5
"Webster County","IA","19187",483.5
"Fremont County","IA","19071",483.5
"Trinity County","TX","48455",483.4
"Tehama County","CA","06103",483.3
"Gooding County","ID","16047",483.3
"Henry County","AL","01067",483.3
"Nassau County","FL","12089",483.2
"Cannon County","TN","47015",483.2
"Hoke County","NC","37093",483.2
"Rankin County","MS","28121",483.2
"Morgan County","TN","47129",483.2
"Blount County","TN","47009",483
"Liberty County","GA","13179",483
"Chester County","SC","45023",483
"Noble County","OK","40103",482.9
"Jackson County","IN","18071",482.9
"Contra Costa County","CA","06013",482.9
"Newton County","GA","13217",482.7
"LaFourche Parish","LA","22057",482.7
"Lawrence County","MS","28077",482.6
"Baxter County","AR","05005",482.5
"New London County","CT","09011",482.4
"Rapides Parish","LA","22079",482.4
"Cimarron County","OK","40025",482.4
"Beauregard Parish","LA","22011",482.3
"Washington County","IN","18175",482.2
"Tipton County","TN","47167",482.1
"Pawnee County","NE","31133",482.1
"Clarendon County","SC","45027",482.1
"Clay County","IN","18021",482.1
"Lincoln County","WV","54043",481.9
"Surry County","NC","37171",481.9
"Aroostook County","ME","23003",481.9
"Bibb County","AL","01007",481.7
"Plaquemines Parish","LA","22075",481.6
"St. Mary Parish","LA","22101",481.6
"Polk County","IA","19153",481.5
"Orange County","TX","48361",481.5
"Piute County","UT","49031",481.5
"Wood County","WV","54107",481.4
"Roane County","TN","47145",481.4
"LaPorte County","IN","18091",481.3
"Middlesex County","CT","09007",481.3
"Acadia Parish","LA","22001",481.3
"Hampshire County","WV","54027",481.2
"Clark County","MO","29045",481.2
"Cayuga County","NY","36011",481.1
"Lowndes County","AL","01085",481.1
"Morgan County","AL","01103",481
"Haralson County","GA","13143",480.8
"Erie County","OH","39043",480.6
"Clay County","NC","37043",480.5
"Clay County","NE","31035",480.4
"Bennett County","SD","46007",480.4
"Refugio County","TX","48391",480.4
"Washington County","ID","16087",480.4
"Tyler County","WV","54095",480.3
"White County","TN","47185",480.3
"Union County","SC","45087",480.2
"Jefferson County","IN","18077",480.2
"Ascension Parish","LA","22005",480
"Hinds County","MS","28049",480
"Wirt County","WV","54105",479.8
"Crawford County","GA","13079",479.8
"Troup County","GA","13285",479.7
"Wilcox County","GA","13315",479.6
"Loup County","NE","31115",479.5
"Marshall County","IA","19127",479.4
"Sumter County","SC","45085",479.4
"Alamance County","NC","37001",479.4
"Pickens County","SC","45077",479.3
"Kossuth County","IA","19109",479.3
"Pulaski County","AR","05119",479.3
"Franklin Parish","LA","22041",479.2
"Montgomery County","MS","28097",479.2
"Sullivan County","NY","36105",479.2
"Guadalupe County","NM","35019",479.2
"Lowndes County","GA","13185",479.1
"Oxford County","ME","23017",479.1
"Sacramento County","CA","06067",479.1
"Lee County","NC","37105",479.1
"Pierce County","GA","13229",478.9
"Elmore County","AL","01051",478.9
"Clay County","AL","01027",478.9
"Palo Pinto County","TX","48363",478.8
"Adams County","NE","31001",478.8
"Kennebec County","ME","23011",478.7
"East Carroll Parish","LA","22035",478.6
"Iredell County","NC","37097",478.6
"Piscataquis County","ME","23021",478.6
"Henry County","GA","13151",478.6
"Sumner County","TN","47165",478.5
"Davidson County","NC","37057",478.5
"Tooele County","UT","49045",478.5
"Colleton County","SC","45029",478.5
"Hunterdon County","NJ","34019",478.5
"Schenectady County","NY","36093",478.4
"Montgomery County","IA","19137",478.3
"San Bernardino County","CA","06071",478.3
"Crawford County","IN","18025",478.2
"Bennington County","VT","50003",478
"Shoshone County","ID","16079",477.9
"Calcasieu Parish","LA","22019",477.9
"Iron County","WI","55051",477.7
"Marinette County","WI","55075",477.7
"Laurens County","SC","45059",477.7
"Chittenden County","VT","50007",477.5
"Alleghany County","NC","37005",477.5
"Pottawattamie County","IA","19155",477.5
"Wayne County","NC","37191",477.4
"Harris County","TX","48201",477.4
"New Madrid County","MO","29143",477.4
"Marion County","OH","39101",477.2
"Dawson County","GA","13085",477.1
"Calhoun County","MS","28013",477.1
"Stokes County","NC","37169",476.9
"Jackson County","MI","26075",476.9
"Scott County","IN","18143",476.9
"Jefferson County","TN","47089",476.8
"Evangeline Parish","LA","22039",476.8
"White County","AR","05145",476.8
"Mitchell County","TX","48335",476.7
"Benton County","MO","29015",476.7
"Hancock County","TN","47067",476.6
"Cocke County","TN","47029",476.5
"Otsego County","NY","36077",476.4
"Harnett County","NC","37085",476.4
"Floyd County","GA","13115",476.4
"Hanson County","SD","46061",476.2
"Keokuk County","IA","19107",476.1
"Josephine County","OR","41033",475.9
"Gregg County","TX","48183",475.9
"New York County","NY","36061",475.9
"Person County","NC","37145",475.8
"Osceola County","FL","12097",475.8
"Oconto County","WI","55083",475.8
"Mobile County","AL","01097",475.7
"Bollinger County","MO","29017",475.7
"Lewis County","MO","29111",475.6
"Screven County","GA","13251",475.6
"Cooper County","MO","29053",475.5
"Lyon County","IA","19119",475.5
"Jay County","IN","18075",475.4
"Lincoln County","MT","30053",475.4
"Calhoun County","AL","01015",475.4
"Vance County","NC","37181",475.4
"Wilcox County","AL","01131",475.4
"Waukesha County","WI","55133",475.3
"Pasquotank County","NC","37139",475.2
"Swain County","NC","37173",475.1
"Gasconade County","MO","29073",475.1
"Butler County","MO","29023",475
"Tuolumne County","CA","06109",475
"Horry County","SC","45051",475
"Faulk County","SD","46049",474.9
"Clark County","OH","39023",474.9
"Cass County","IA","19029",474.8
"Furnas County","NE","31065",474.8
"Calhoun County","TX","48057",474.8
"Pasco County","FL","12101",474.8
"Major County","OK","40093",474.7
"Black Hawk County","IA","19013",474.7
"Herkimer County","NY","36043",474.5
"Mitchell County","GA","13205",474.5
"McCook County","SD","46087",474.5
"Payette County","ID","16075",474.5
"Lapeer County","MI","26087",474.4
"Litchfield County","CT","09005",474.4
"Santa Clara County","CA","06085",474.4
"Allen Parish","LA","22003",474.4
"Glenn County","CA","06021",474.3
"Claiborne Parish","LA","22027",474.2
"Fallon County","MT","30025",474.2
"Plymouth County","IA","19149",474.2
"Turner County","SD","46125",474.1
"Raleigh County","WV","54081",474.1
"Woodbury County","IA","19193",474.1
"Henry County","IA","19087",474.1
"Marin County","CA","06041",474.1
"Wilbarger County","TX","48487",474.1
"Cumberland County","ME","23005",473.9
"Clinton County","IA","19045",473.8
"King County","WA","53033",473.8
"Berkeley County","WV","54003",473.8
"San Francisco County","CA","06075",473.7
"Clay County","MO","29047",473.7
"Ray County","MO","29177",473.6
"Rutland County","VT","50021",473.6
"Marion County","AR","05089",473.6
"Steuben County","NY","36101",473.4
"Avoyelles Parish","LA","22009",473.3
"Muskogee County","OK","40101",473.2
"Orange County","FL","12095",473.2
"Houston County","AL","01069",473.2
"Yazoo County","MS","28163",473.2
"Anne Arundel County","MD","24003",473.1
"San Joaquin County","CA","06077",473.1
"Oconee County","GA","13219",473
"Lawrence County","AL","01079",473
"Van Buren County","IA","19177",473
"Beaver County","UT","49001",473
"Hunt County","TX","48231",472.9
"Ouachita Parish","LA","22073",472.9
"Rock County","WI","55105",472.9
"Kenosha County","WI","55059",472.8
"Berrien County","MI","26021",472.8
"Wilkes County","GA","13317",472.7
"Washington County","IA","19183",472.7
"Halifax County","NC","37083",472.7
"Worcester County","MD","24047",472.6
"Grundy County","IA","19075",472.6
"Blaine County","OK","40011",472.5
"Bradley County","TN","47011",472.5
"Polk County","OR","41053",472.5
"Shelby County","MO","29205",472.4
"Carroll County","TN","47017",472.4
"Ector County","TX","48135",472.4
"Ulster County","NY","36111",472.3
"Geneva County","AL","01061",472.2
"Colquitt County","GA","13071",472.2
"Clay County","FL","12019",472.2
"Sheboygan County","WI","55117",472.2
"Coke County","TX","48081",471.9
"Walton County","GA","13297",471.8
"Meriwether County","GA","13199",471.7
"Clark County","IN","18019",471.6
"Shelby County","IN","18145",471.5
"Burke County","GA","13033",471.4
"Douglas County","NE","31055",471.4
"Delaware County","IN","18035",471.3
"Pickett County","TN","47137",471.2
"Camp County","TX","48063",471.2
"St. Charles County","MO","29183",471.1
"Ritchie County","WV","54085",471.1
"Chickasaw County","IA","19037",471
"Cherokee County","SC","45021",470.9
"Cleburne County","AL","01029",470.9
"Sonoma County","CA","06097",470.8
"Marion County","OR","41047",470.8
"Henry County","TN","47079",470.7
"Maury County","TN","47119",470.7
"Sweet Grass County","MT","30097",470.7
"Washington County","OH","39167",470.6
"Dakota County","NE","31043",470.6
"Grayson County","TX","48181",470.6
"Oconee County","SC","45073",470.6
"Jefferson County","OH","39081",470.5
"Morrow County","OR","41049",470.5
"Cumberland County","TN","47035",470.4
"Baker County","FL","12003",470.4
"Muskingum County","OH","39119",470.4
"Bedford County","TN","47003",470.4
"Coffee County","TN","47031",470.3
"Richardson County","NE","31147",470.2
"Pamlico County","NC","37137",470.2
"Lawrence County","IN","18093",470.1
"Thurston County","NE","31173",470.1
"Pender County","NC","37141",470
"Winnebago County","WI","55139",470
"Livingston County","NY","36051",469.7
"Monroe County","WI","55081",469.7
"Bolivar County","MS","28011",469.7
"Sullivan County","NH","33019",469.6
"Buncombe County","NC","37021",469.6
"Houston County","TN","47083",469.5
"St. John the Baptist Parish","LA","22095",469.5
"Anderson County","SC","45007",469.4
"Caswell County","NC","37033",469.4
"Madison County","MS","28089",469.3
"Clinch County","GA","13065",469.2
"Franklin County","TN","47051",469.1
"St. Charles Parish","LA","22089",469.1
"Sullivan County","TN","47163",469
"Sac County","IA","19161",468.8
"San Patricio County","TX","48409",468.7
"Henderson County","TN","47077",468.7
"Sawyer County","WI","55113",468.6
"Orangeburg County","SC","45075",468.4
"Jefferson Davis County","MS","28065",468.4
"Ozaukee County","WI","55089",468.4
"Clinton County","OH","39027",468.3
"Licking County","OH","39089",468.3
"Keith County","NE","31101",468.2
"Calvert County","MD","24009",468.2
"Washington County","WI","55131",468.1
"Greene County","TN","47059",468
"Fayette County","WV","54019",467.8
"Columbia County","NY","36021",467.7
"St. Louis City","MO","29510",467.7
"Story County","IA","19169",467.7
"Jackson County","NC","37099",467.7
"Monroe County","AR","05095",467.6
"Brooke County","WV","54009",467.6
"Island County","WA","53029",467.5
"Carroll County","MD","24013",467.4
"Fayette County","TN","47047",467.3
"Lincoln County","MO","29113",467.3
"Jasper County","MO","29097",467.3
"Escambia County","FL","12033",467.3
"Richland County","MT","30083",467.3
"Kleberg County","TX","48273",467.2
"Mitchell County","NC","37121",467.2
"Johnson County","MO","29101",467.1
"Carroll County","OH","39019",467.1
"Cass County","NE","31025",467.1
"Clinton County","MO","29049",467
"Davidson County","TN","47037",467
"Audrain County","MO","29007",467
"Talbot County","MD","24041",466.9
"Toombs County","GA","13279",466.9
"East Baton Rouge Parish","LA","22033",466.9
"Arenac County","MI","26011",466.9
"Washington County","RI","44009",466.8
"Franklin County","NY","36033",466.8
"Cheshire County","NH","33005",466.8
"Franklin County","NC","37069",466.8
"Fayette County","AL","01057",466.8
"Essex County","VT","50009",466.7
"Washington County","MD","24043",466.6
"Lake County","CA","06033",466.6
"Tishomingo County","MS","28141",466.6
"Spartanburg County","SC","45083",466.6
"Jasper County","SC","45053",466.5
"Toole County","MT","30101",466.4
"Hudson County","NJ","34017",466.4
"Wyandot County","OH","39175",466.4
"Huron County","OH","39077",466.4
"Sagadahoc County","ME","23023",466.3
"Charleston County","SC","45019",466.3
"Multnomah County","OR","41051",466.3
"Fulton County","GA","13121",466.2
"Trumbull County","OH","39155",466.2
"Orange County","CA","06059",466.1
"Creek County","OK","40037",466
"Jackson County","WV","54035",466
"Worth County","IA","19195",466
"Jasper County","IA","19099",465.9
"Lorain County","OH","39093",465.9
"Mahaska County","IA","19123",465.8
"Stoddard County","MO","29207",465.8
"Greenville County","SC","45045",465.8
"Pope County","AR","05115",465.6
"Moore County","TX","48341",465.6
"Carroll County","NH","33003",465.5
"Ventura County","CA","06111",465.5
"Perry County","AR","05105",465.4
"White County","GA","13311",465.2
"Bledsoe County","TN","47007",465.1
"Canyon County","ID","16027",465.1
"Franklin County","OH","39049",465.1
"Kent County","MI","26081",465
"Simpson County","MS","28127",465
"Pointe Coupee Parish","LA","22077",465
"Coryell County","TX","48099",464.9
"Broward County","FL","12011",464.9
"Chippewa County","WI","55017",464.9
"Grundy County","TN","47061",464.8
"Callaway County","MO","29027",464.8
"Linn County","IA","19113",464.7
"Kershaw County","SC","45055",464.7
"Unicoi County","TN","47171",464.6
"Athens County","OH","39009",464.5
"Brevard County","FL","12009",464.4
"Hancock County","IN","18059",464.4
"Armstrong County","TX","48011",464.4
"Pike County","OH","39131",464.4
"Lincoln County","ID","16063",464.4
"Craven County","NC","37049",464.4
"Marathon County","WI","55073",464.3
"Montmorency County","MI","26119",464.3
"Jones County","IA","19105",464.2
"Deschutes County","OR","41017",464.2
"Androscoggin County","ME","23001",464.2
"Palo Alto County","IA","19147",464.2
"Tolland County","CT","09013",464.2
"Fond du Lac County","WI","55039",464.1
"Caddo Parish","LA","22017",463.9
"Johnson County","NE","31097",463.8
"Marion County","AL","01093",463.7
"La Crosse County","WI","55063",463.6
"Iowa County","IA","19095",463.6
"Ottawa County","OH","39123",463.6
"Henderson County","NC","37089",463.6
"Garland County","AR","05051",463.6
"Roane County","WV","54087",463.5
"Alachua County","FL","12001",463.5
"Worth County","GA","13321",463.4
"Wilson County","TN","47189",463.4
"Anson County","NC","37007",463.4
"McCurtain County","OK","40089",463.4
"Rabun County","GA","13241",463.3
"Greene County","GA","13133",463.3
"Brazoria County","TX","48039",463.3
"Washington County","VT","50023",463.2
"Gallia County","OH","39053",463.2
"Crawford County","AR","05033",463
"Henderson County","TX","48213",463
"Ada County","ID","16001",463
"Douglas County","WA","53017",462.9
"Howard County","TX","48227",462.9
"Monroe County","TN","47123",462.9
"Calhoun County","WV","54013",462.9
"Hendricks County","IN","18063",462.9
"Jackson Parish","LA","22049",462.8
"Clayton County","IA","19043",462.8
"Bradley County","AR","05011",462.8
"Yukon-Koyukuk Census Area","AK","02290",462.8
"Rockdale County","GA","13247",462.7
"Glacier County","MT","30035",462.7
"Yancey County","NC","37199",462.6
"Morehouse Parish","LA","22067",462.5
"Los Angeles County","CA","06037",462.5
"Castro County","TX","48069",462.5
"Cumberland County","NC","37051",462.4
"McDowell County","WV","54047",462.3
"Saginaw County","MI","26145",462.2
"Hardeman County","TN","47069",462.2
"Caroline County","MD","24011",462.2
"Union County","OH","39159",462.2
"Hemphill County","TX","48211",462.2
"Tama County","IA","19171",462.1
"Kaufman County","TX","48257",462.1
"Clatsop County","OR","41007",462.1
"Merrick County","NE","31121",462
"Hamilton County","TN","47065",462
"Placer County","CA","06061",462
"Gilmer County","WV","54021",462
"San Benito County","CA","06069",462
"Meigs County","TN","47121",461.9
"Johnson County","TX","48251",461.9
"Boone County","MO","29019",461.8
"Crawford County","WI","55023",461.8
"Burt County","NE","31021",461.8
"Tate County","MS","28137",461.6
"Lee County","SC","45061",461.6
"Appanoose County","IA","19007",461.6
"Edmunds County","SD","46045",461.5
"Jasper County","MS","28061",461.4
"Matanuska-Susitna Borough","AK","02170",461.3
"DeKalb County","GA","13089",461.2
"Floyd County","IN","18043",461.2
"Yuba County","CA","06115",461
"Nolan County","TX","48353",461
"Rosebud County","MT","30087",460.9
"Franklin County","VT","50011",460.9
"Linn County","OR","41043",460.8
"Lake County","MT","30047",460.8
"Warren County","TN","47177",460.7
"Santa Cruz County","CA","06087",460.7
"Knox County","ME","23013",460.6
"Clark County","WI","55019",460.6
"Warren County","MS","28149",460.6
"Windham County","VT","50025",460.5
"Pettis County","MO","29159",460.4
"Concordia Parish","LA","22029",460.4
"Twin Falls County","ID","16083",460.4
"Maui County","HI","15009",460.4
"Jefferson County","AL","01073",460.3
"Boise County","ID","16015",460.3
"Champaign County","OH","39021",460.2
"Harrison County","MO","29081",460.2
"Catawba County","NC","37035",460.1
"Sharkey County","MS","28125",460.1
"Lawrence County","OH","39087",460
"Fayette County","IA","19065",460
"Crawford County","IA","19047",460
"Shelby County","IA","19165",459.9
"Monterey County","CA","06053",459.9
"Franklin County","IA","19069",459.9
"Elbert County","GA","13105",459.9
"Kootenai County","ID","16055",459.8
"Switzerland County","IN","18155",459.7
"Tarrant County","TX","48439",459.7
"Greenwood County","SC","45047",459.6
"Benzie County","MI","26019",459.6
"San Diego County","CA","06073",459.6
"Twiggs County","GA","13289",459.6
"Marshall County","WV","54051",459.5
"Orange County","IN","18117",459.5
"Carbon County","UT","49007",459.4
"Hyde County","SD","46069",459.4
"Yell County","AR","05149",459.4
"Potter County","SD","46107",459.2
"Portage County","OH","39133",459.1
"Putnam County","GA","13237",459
"Montgomery County","TN","47125",459
"Gentry County","MO","29075",459
"Nez Perce County","ID","16069",458.9
"Henry County","IN","18065",458.9
"Caledonia County","VT","50005",458.9
"Fulton County","IN","18049",458.8
"Parker County","TX","48367",458.8
"Custer County","CO","08027",458.7
"Kingfisher County","OK","40073",458.5
"El Paso County","TX","48141",458.5
"Pend Oreille County","WA","53051",458.5
"Gosper County","NE","31073",458.5
"Union County","OR","41061",458.4
"Galveston County","TX","48167",458.4
"Etowah County","AL","01055",458.3
"Webster County","MO","29225",458.3
"Kent County","MD","24029",458.3
"Buena Vista County","IA","19021",458.3
"Randolph County","AL","01111",458.2
"Dallas County","AR","05039",458.2
"Haywood County","NC","37087",458.1
"Rutherford County","NC","37161",458.1
"Carter County","OK","40019",458.1
"Williamsburg County","SC","45089",458.1
"Benton County","WA","53005",458.1
"Hocking County","OH","39073",458
"Chatham County","GA","13051",458
"Washington County","TN","47179",458
"Somerset County","ME","23025",457.9
"Jefferson County","MO","29099",457.9
"Clermont County","OH","39025",457.9
"Owen County","IN","18119",457.9
"Clackamas County","OR","41005",457.9
"Talladega County","AL","01121",457.9
"Stillwater County","MT","30095",457.7
"St. James Parish","LA","22093",457.7
"Lampasas County","TX","48281",457.5
"Pleasants County","WV","54073",457.5
"Johnson County","IA","19103",457.5
"Long County","GA","13183",457.3
"Durham County","NC","37063",457.2
"Okanogan County","WA","53047",457.1
"Mason County","WV","54053",457.1
"Shelby County","TN","47157",457
"Luna County","NM","35029",456.8
"Dawson County","MT","30021",456.8
"Jefferson County","TX","48245",456.8
"Lincoln County","MS","28085",456.7
"Warrick County","IN","18173",456.7
"Deaf Smith County","TX","48117",456.7
"Lincoln County","NC","37109",456.6
"Rutherford County","TN","47149",456.6
"Benton County","IN","18007",456.5
"Alameda County","CA","06001",456.4
"Columbia County","FL","12023",456.4
"Crawford County","OH","39033",456.4
"Georgetown County","SC","45043",456.3
"Mellette County","SD","46095",456.3
"Perry County","AL","01105",456.3
"Clarke County","GA","13059",456.2
"Porter County","IN","18127",456.2
"DeWitt County","TX","48123",456.1
"Jefferson County","MT","30043",456.1
"Richmond County","GA","13245",456.1
"Evans County","GA","13109",456
"Hampton County","SC","45049",455.9
"Wayne County","TN","47181",455.9
"Humboldt County","CA","06023",455.8
"Oglethorpe County","GA","13221",455.7
"Ripley County","MO","29181",455.6
"Upshur County","WV","54097",455.6
"Fountain County","IN","18045",455.6
"Yellowstone County","MT","30111",455.6
"Macon County","NC","37113",455.5
"Coweta County","GA","13077",455.5
"Marshall County","MS","28093",455.4
"Lincoln County","NE","31111",455.3
"Walker County","TX","48471",455.3
"Yamhill County","OR","41071",455.2
"St. Clair County","MI","26147",455.2
"Saline County","AR","05125",455.1
"Ashe County","NC","37009",455.1
"Louisa County","IA","19115",454.9
"Chase County","NE","31029",454.9
"Union County","AR","05139",454.9
"Jasper County","IN","18073",454.9
"Newport County","RI","44005",454.8
"Blaine County","MT","30005",454.8
"Emmet County","IA","19063",454.8
"Pocahontas County","IA","19151",454.8
"Santa Barbara County","CA","06083",454.8
"Adams County","OH","39001",454.8
"Mineral County","WV","54057",454.7
"Yolo County","CA","06113",454.7
"Clarke County","MS","28023",454.7
"Fremont County","CO","08043",454.6
"Citrus County","FL","12017",454.6
"Tippecanoe County","IN","18157",454.5
"Sarpy County","NE","31153",454.5
"Umatilla County","OR","41059",454.4
"Cowlitz County","WA","53015",454.4
"Desha County","AR","05041",454.3
"Lamar County","TX","48277",454.3
"Minidoka County","ID","16067",454.2
"Tulsa County","OK","40143",454.2
"Randolph County","MO","29175",454.2
"Calhoun County","GA","13037",454.2
"Sebastian County","AR","05131",454.1
"Delaware County","NY","36025",454
"Bartholomew County","IN","18005",454
"Morrow County","OH","39117",453.9
"Pike County","GA","13231",453.9
"Flagler County","FL","12035",453.9
"Comanche County","TX","48093",453.8
"Colbert County","AL","01033",453.8
"Baldwin County","GA","13009",453.8
"Merced County","CA","06047",453.8
"Hughes County","OK","40063",453.7
"Conecuh County","AL","01035",453.7
"Livingston County","MO","29117",453.6
"Houston County","GA","13153",453.5
"El Dorado County","CA","06017",453.5
"Logan County","OH","39091",453.5
"Kosciusko County","IN","18085",453.4
"Oklahoma County","OK","40109",453.4
"Coosa County","AL","01037",453.4
"Chelan County","WA","53007",453.4
"Columbia County","WA","53013",453.3
"Medina County","OH","39103",453.3
"Natchitoches Parish","LA","22069",453.3
"Winston County","MS","28159",453.2
"Madison County","IN","18095",453.1
"Outagamie County","WI","55087",453.1
"Harper County","OK","40059",452.9
"Hernando County","FL","12053",452.9
"Dale County","AL","01045",452.8
"Darke County","OH","39037",452.7
"Charles Mix County","SD","46023",452.7
"Hitchcock County","NE","31087",452.5
"Wood County","WI","55141",452.5
"Guthrie County","IA","19077",452.4
"Paulding County","OH","39125",452.4
"Cherokee County","IA","19035",452.2
"Imperial County","CA","06025",452
"Lucas County","IA","19117",452
"Lavaca County","TX","48285",451.8
"Essex County","NY","36031",451.8
"Harlan County","NE","31083",451.8
"Dallas County","TX","48113",451.7
"Montgomery County","OH","39113",451.6
"Klamath County","OR","41035",451.5
"York County","SC","45091",451.5
"Robeson County","NC","37155",451.4
"Hamilton County","OH","39061",451.3
"Stanislaus County","CA","06099",451.1
"Manistee County","MI","26101",451.1
"Marion County","IN","18097",450.6
"Bradford County","FL","12007",450.5
"Franklin County","AL","01059",450.5
"Allen County","OH","39003",450.5
"Faulkner County","AR","05045",450.5
"Union County","IN","18161",450.4
"Natrona County","WY","56025",450.4
"Coffee County","GA","13069",450.3
"Clarke County","IA","19039",450.3
"Wake County","NC","37183",450.3
"Madison County","NE","31119",450.3
"Coahoma County","MS","28027",450.2
"Baldwin County","AL","01003",450.1
"Baker County","GA","13007",450
"Covington County","MS","28031",450
"Pike County","AL","01109",449.9
"Tuscaloosa County","AL","01125",449.9
"Fannin County","GA","13111",449.9
"Grady County","GA","13131",449.8
"Marion County","MS","28091",449.7
"Yadkin County","NC","37197",449.7
"Mecklenburg County","NC","37119",449.7
"Brown County","WI","55009",449.6
"Grant County","NE","31075",449.6
"Jackson County","AL","01071",449.6
"Mohave County","AZ","04015",449.5
"Nodaway County","MO","29147",449.5
"Lewis County","ID","16061",449.4
"White County","IN","18181",449.3
"Coshocton County","OH","39031",449.2
"Fairfield County","SC","45039",449.1
"Marengo County","AL","01091",449.1
"Prairie County","AR","05117",449
"Jackson County","MO","29095",448.9
"Dixie County","FL","12029",448.9
"Okmulgee County","OK","40111",448.9
"Irwin County","GA","13155",448.8
"Val Verde County","TX","48465",448.8
"Sampson County","NC","37163",448.6
"Pickaway County","OH","39129",448.6
"Richland County","SC","45079",448.6
"Milam County","TX","48331",448.6
"Niobrara County","WY","56027",448.6
"Tuscola County","MI","26157",448.5
"Cleveland County","OK","40027",448.4
"Limestone County","AL","01083",448.3
"Mineral County","MT","30061",448.2
"Hardee County","FL","12049",448.2
"Marquette County","WI","55077",448.1
"Richland Parish","LA","22083",448.1
"Lyman County","SD","46085",448.1
"Coos County","NH","33007",448.1
"Washington County","GA","13303",447.9
"Coos County","OR","41011",447.9
"Benton County","IA","19011",447.7
"Lamoille County","VT","50015",447.7
"Preble County","OH","39135",447.7
"Caldwell County","NC","37027",447.7
"Vinton County","OH","39163",447.6
"Hamilton County","IA","19079",447.6
"Boone County","IN","18011",447.6
"Covington County","AL","01039",447.5
"Perry County","OH","39127",447.5
"Haywood County","TN","47075",447.4
"Macon County","GA","13193",447.4
"Saline County","MO","29195",447.4
"Sheridan County","WY","56033",447.4
"Roosevelt County","MT","30085",447.3
"Codington County","SD","46029",447.3
"Arkansas County","AR","05001",447.3
"Crook County","OR","41013",447.2
"Knox County","NE","31107",447.2
"Charlevoix County","MI","26029",447.2
"Clay County","AR","05021",447.1
"Prince of Wales-Outer Ketchikan","AK","02201",447.1
"Montgomery County","AL","01101",446.9
"Young County","TX","48503",446.9
"Stark County","OH","39151",446.9
"Union County","MS","28145",446.9
"Kearney County","NE","31099",446.9
"Williamson County","TN","47187",446.8
"Lafayette County","MO","29107",446.8
"Coffee County","AL","01031",446.8
"Haskell County","OK","40061",446.7
"Nash County","NC","37127",446.6
"Adams County","MS","28001",446.6
"Jackson County","TN","47087",446.6
"Perry County","MO","29157",446.6
"Orange County","VT","50017",446.6
"Sabine County","TX","48403",446.5
"Quitman County","MS","28119",446.5
"Sullivan County","MO","29211",446.4
"Thayer County","NE","31169",446.3
"Osceola County","IA","19143",446.3
"Greene County","NC","37079",446.2
"Calumet County","WI","55015",446.2
"Cleburne County","AR","05023",446.2
"Putnam County","TN","47141",446.1
"Greene County","OH","39057",446
"Monroe County","WV","54063",446
"Cherokee County","NC","37039",446
"La Salle Parish","LA","22059",445.9
"Cole County","MO","29051",445.8
"Frederick County","MD","24021",445.8
"Lewis County","NY","36049",445.8
"Addison County","VT","50001",445.8
"Laramie County","WY","56021",445.7
"Howard County","IA","19089",445.6
"Juneau County","WI","55057",445.5
"Carroll County","IA","19027",445.5
"Waupaca County","WI","55135",445.4
"Glynn County","GA","13127",445.4
"Mendocino County","CA","06045",445.4
"Kalamazoo County","MI","26077",445.3
"Taylor County","FL","12123",445.3
"Cherokee County","TX","48073",445.3
"Kern County","CA","06029",445.2
"Smith County","TX","48423",445.2
"Montcalm County","MI","26117",445.2
"Jasper County","TX","48241",445.2
"Shelby County","AL","01117",445.1
"Jones County","MS","28067",445
"O'Brien County","IA","19141",445
"Fairfield County","OH","39045",444.9
"Walla Walla County","WA","53071",444.9
"Winston County","AL","01133",444.9
"Amite County","MS","28005",444.8
"Grant County","SD","46051",444.8
"Bristol County","RI","44001",444.8
"El Paso County","CO","08041",444.7
"Powell County","MT","30077",444.6
"Trempealeau County","WI","55121",444.6
"Autauga County","AL","01001",444.6
"Lawrence County","TN","47099",444.6
"Windsor County","VT","50027",444.5
"Clarke County","AL","01025",444.5
"Hardin County","TX","48199",444.5
"Jones County","GA","13169",444.3
"Childress County","TX","48075",444.3
"Barbour County","WV","54001",444.3
"Pueblo County","CO","08101",444.3
"Brule County","SD","46015",444.2
"Riverside County","CA","06065",444.2
"Fresno County","CA","06019",444.1
"Butler County","OH","39017",444.1
"Camden County","GA","13039",444
"Spink County","SD","46115",443.9
"Langlade County","WI","55067",443.7
"Cibola County","NM","35006",443.7
"Shawano County","WI","55115",443.7
"Baylor County","TX","48023",443.7
"Malheur County","OR","41045",443.6
"Sierra County","NM","35051",443.6
"Spokane County","WA","53063",443.6
"Victoria County","TX","48469",443.5
"Seneca County","OH","39147",443.4
"Allen County","IN","18003",443.4
"Gibson County","TN","47053",443.3
"Tallapoosa County","AL","01123",443.3
"Lincoln County","OR","41041",443.3
"Dare County","NC","37055",443.3
"Carroll County","MO","29033",443.3
"Huntington County","IN","18069",443.1
"Cascade County","MT","30013",443
"Wakulla County","FL","12129",443
"Ashley County","AR","05003",443
"Ross County","OH","39141",443
"Lewis and Clark County","MT","30049",442.9
"Mahoning County","OH","39099",442.9
"Windham County","CT","09015",442.8
"Johnston County","NC","37101",442.8
"Denton County","TX","48121",442.7
"Washtenaw County","MI","26161",442.7
"Warren County","IN","18171",442.7
"Wheeler County","TX","48483",442.5
"Fayette County","GA","13113",442.5
"San Jacinto County","TX","48407",442.5
"Delaware County","OH","39041",442.5
"Wabash County","IN","18169",442.5
"Sumter County","FL","12119",442.5
"Hawaii County","HI","15001",442.4
"Anchorage Borough","AK","02020",442.4
"Florence County","SC","45041",442.4
"Daviess County","MO","29061",442.3
"Queen Annes County","MD","24035",442.3
"Jefferson County","WI","55055",442.2
"Warren County","MO","29219",442.2
"Wright County","IA","19197",442.2
"Madison County","IA","19121",442.1
"Harrison County","IN","18061",442.1
"Dearborn County","IN","18029",442.1
"Stephens County","OK","40137",442
"Preston County","WV","54077",442
"Tom Green County","TX","48451",441.7
"Putnam County","IN","18133",441.7
"Defiance County","OH","39039",441.6
"Marshall County","AL","01095",441.5
"Washington County","OK","40147",441.5
"Union County","NC","37179",441.5
"Wharton County","TX","48481",441.5
"McMinn County","TN","47107",441.5
"Pontotoc County","MS","28115",441.4
"DeKalb County","IN","18033",441.4
"Cheboygan County","MI","26031",441.4
"Price County","WI","55099",441.3
"San Juan County","CO","08111",441.3
"Audubon County","IA","19009",441.1
"Brooks County","GA","13027",441.1
"Jackson County","OK","40065",441
"Tuscarawas County","OH","39157",441
"Guadalupe County","TX","48187",441
"Washakie County","WY","56043",440.9
"Cullman County","AL","01043",440.9
"Montgomery County","TX","48339",440.9
"Wilkes County","NC","37193",440.8
"Ellis County","TX","48139",440.8
"Montgomery County","NC","37123",440.8
"Lemhi County","ID","16059",440.7
"Fayette County","OH","39047",440.7
"Beadle County","SD","46005",440.6
"Jackson County","OR","41029",440.6
"Hart County","GA","13147",440.6
"Humboldt County","IA","19091",440.6
"Okaloosa County","FL","12091",440.5
"Gilmer County","GA","13123",440.5
"Duplin County","NC","37061",440.5
"Newton County","IN","18111",440.4
"Ochiltree County","TX","48357",440.3
"Prince Georges County","MD","24033",440.3
"Ashland County","OH","39005",440.3
"Dodge County","WI","55027",440.2
"Monongalia County","WV","54061",440.2
"Jerome County","ID","16053",440.2
"Custer County","OK","40039",439.9
"Johnson County","TN","47091",439.9
"Richland County","OH","39139",439.9
"Mitchell County","IA","19131",439.8
"Montague County","TX","48337",439.7
"Eastland County","TX","48133",439.7
"Cheyenne County","NE","31033",439.7
"Sutter County","CA","06101",439.6
"Alexander County","NC","37003",439.6
"Winnebago County","IA","19189",439.5
"Warren County","NC","37185",439.5
"Jenkins County","GA","13165",439.5
"Cape Girardeau County","MO","29031",439.5
"Carbon County","WY","56007",439.5
"Hardin County","TN","47071",439.4
"Sumter County","GA","13261",439.3
"Hertford County","NC","37091",439.2
"Prentiss County","MS","28117",439.1
"Union Parish","LA","22111",439.1
"Mercer County","OH","39107",438.9
"Amador County","CA","06005",438.9
"Garfield County","OK","40047",438.9
"Hutchinson County","TX","48233",438.8
"Clare County","MI","26035",438.7
"Madera County","CA","06039",438.6
"Sandusky County","OH","39143",438.6
"Antelope County","NE","31003",438.5
"McDuffie County","GA","13189",438.5
"Bates County","MO","29013",438.4
"Eau Claire County","WI","55035",438.4
"Wilson County","NC","37195",438.4
"Alcorn County","MS","28003",438.4
"Fort Bend County","TX","48157",438.3
"Calhoun County","SC","45017",438.2
"Wasco County","OR","41065",438.2
"Elkhart County","IN","18039",438.1
"Orleans Parish","LA","22071",438.1
"Miami County","OH","39109",438
"Kauai County","HI","15007",438
"Trinity County","CA","06105",438
"Allendale County","SC","45005",437.9
"Darlington County","SC","45031",437.8
"Monroe County","GA","13207",437.8
"Washington County","NC","37187",437.7
"Butte County","SD","46019",437.7
"Whitley County","IN","18183",437.7
"Yakima County","WA","53077",437.5
"Monroe County","IN","18105",437.5
"Daniels County","MT","30019",437.5
"Columbus County","NC","37047",437.5
"St. Johns County","FL","12109",437.5
"Pulaski County","IN","18131",437.4
"Independence County","AR","05063",437.4
"Sunflower County","MS","28133",437.4
"Hansford County","TX","48195",437.2
"Greene County","IN","18055",437.2
"Hutchinson County","SD","46067",437.1
"Orange County","NC","37135",437
"Morgan County","OH","39115",437
"Grant County","WA","53025",436.9
"Washington County","OR","41067",436.8
"Sumter County","AL","01119",436.8
"Greene County","MO","29077",436.7
"Summit County","OH","39153",436.7
"Franklin County","WA","53021",436.6
"Newton County","MS","28101",436.6
"Dawson County","TX","48115",436.6
"McLennan County","TX","48309",436.4
"Summit County","UT","49043",436.4
"Grant County","OK","40053",436.4
"Charles County","MD","24017",436.4
"Chambers County","TX","48071",436.2
"Jackson County","OH","39079",436.1
"Chouteau County","MT","30015",436.1
"Kay County","OK","40071",436
"Madison County","AL","01089",436
"Murray County","GA","13213",435.9
"Indian River County","FL","12061",435.9
"Banks County","GA","13011",435.8
"Wallowa County","OR","41063",435.7
"Buffalo County","NE","31019",435.6
"Columbia County","OR","41009",435.6
"Red River Parish","LA","22081",435.5
"Miami-Dade County","FL","12086",435.5
"Rock County","NE","31149",435.5
"Chowan County","NC","37041",435.3
"Judith Basin County","MT","30045",435.1
"Santa Rosa County","FL","12113",435.1
"Delaware County","IA","19055",435.1
"Del Norte County","CA","06015",434.9
"Bexar County","TX","48029",434.9
"Lauderdale County","MS","28075",434.9
"Montgomery County","GA","13209",434.9
"Laurens County","GA","13175",434.8
"Dane County","WI","55025",434.6
"Decatur County","TN","47039",434.6
"Nicholas County","WV","54067",434.5
"Dallas County","IA","19049",434.5
"Clark County","WA","53011",434.5
"Wilkinson County","GA","13319",434.4
"Dixon County","NE","31051",434.4
"Jefferson County","OR","41031",434.4
"Rio Blanco County","CO","08103",434.3
"Clinton County","IN","18023",434.2
"Posey County","IN","18129",434.2
"Madison County","OH","39097",433.9
"Seminole County","FL","12117",433.9
"Hardin County","OH","39065",433.9
"Rains County","TX","48379",433.8
"Thomas County","GA","13275",433.8
"Mecosta County","MI","26107",433.8
"Kings County","CA","06031",433.8
"Day County","SD","46037",433.7
"Sullivan County","IN","18153",433.7
"Door County","WI","55029",433.6
"Navarro County","TX","48349",433.6
"Lincoln County","ME","23015",433.5
"Macon County","MO","29121",433.5
"Caldwell Parish","LA","22021",433.5
"St. Joseph County","IN","18141",433.5
"Hill County","MT","30041",433.5
"Wrangell-Petersburg Census Area","AK","02280",433.4
"Limestone County","TX","48293",433.3
"Lafayette County","MS","28071",433.3
"Logan County","AR","05083",433.2
"Franklin County","MS","28037",433.2
"Franklin County","TX","48159",433.1
"Pinellas County","FL","12103",433.1
"St. Clair County","AL","01115",433
"Volusia County","FL","12127",433
"Howard County","MD","24027",433
"Aransas County","TX","48007",433
"Monroe County","MO","29137",432.9
"Miller County","AR","05091",432.9
"Marshall County","IN","18099",432.8
"Vanderburgh County","IN","18163",432.7
"Lawrence County","AR","05075",432.6
"Orleans County","VT","50019",432.6
"Wyoming County","WV","54109",432.6
"Gage County","NE","31067",432.5
"McNairy County","TN","47109",432.5
"Chesterfield County","SC","45025",432.5
"Dodge County","GA","13091",432.4
"Brantley County","GA","13025",432.3
"Monroe County","AL","01099",432.2
"Owyhee County","ID","16073",432.2
"Van Buren County","TN","47175",432.2
"St. Marys County","MD","24037",432.1
"Jackson County","WI","55053",432.1
"Box Butte County","NE","31013",432
"Pennington County","SD","46103",431.9
"Lake County","SD","46079",431.9
"Edgecombe County","NC","37065",431.8
"Whitfield County","GA","13313",431.7
"Perry County","IN","18123",431.7
"Escambia County","AL","01053",431.7
"Logan County","OK","40083",431.6
"Brookings County","SD","46011",431.5
"Treutlen County","GA","13283",431.5
"Alamosa County","CO","08003",431.5
"Craig County","OK","40035",431.3
"Crockett County","TN","47033",431.3
"Hancock County","MS","28045",431.2
"Carbon County","MT","30009",431.2
"Butler County","AL","01013",431.1
"Wichita County","TX","48485",431
"Lauderdale County","AL","01077",431
"Palm Beach County","FL","12099",431
"Powder River County","MT","30075",431
"Nacogdoches County","TX","48347",430.9
"Leon County","TX","48289",430.9
"Jefferson County","WV","54037",430.8
"Stephens County","TX","48429",430.8
"Hot Spring County","AR","05059",430.8
"Conway County","AR","05029",430.8
"Dent County","MO","29065",430.8
"Fisher County","TX","48151",430.7
"Miller County","MO","29131",430.7
"Chilton County","AL","01021",430.6
"Adair County","MO","29001",430.6
"Morrill County","NE","31123",430.4
"Comanche County","OK","40031",430.3
"Bertie County","NC","37015",430.2
"Grundy County","MO","29079",430.2
"Bryan County","OK","40013",430.2
"Wasatch County","UT","49051",430.2
"Antrim County","MI","26009",430.2
"DeSoto County","MS","28033",430.1
"Montezuma County","CO","08083",429.9
"Taney County","MO","29213",429.9
"New Hanover County","NC","37129",429.8
"Polk County","NE","31143",429.6
"Granite County","MT","30039",429.6
"Morgan County","WV","54065",429.5
"Van Zandt County","TX","48467",429.5
"Sanders County","MT","30089",429.5
"Weakley County","TN","47183",429.4
"Drew County","AR","05043",429.2
"Boone County","AR","05009",429.2
"Putnam County","MO","29171",429.2
"Platte County","MO","29165",429.2
"Deuel County","NE","31049",429.1
"Cass County","IN","18017",429.1
"Obion County","TN","47131",429.1
"Bastrop County","TX","48021",429
"Geauga County","OH","39055",428.9
"Kewaunee County","WI","55061",428.8
"Rockwall County","TX","48397",428.8
"Wayne County","WV","54099",428.8
"Cherokee County","AL","01019",428.7
"Scotts Bluff County","NE","31157",428.6
"Wayne County","MS","28153",428.5
"Caddo County","OK","40015",428.5
"Morgan County","MO","29141",428.4
"Teller County","CO","08119",428.4
"Decatur County","IN","18031",428.3
"Marquette County","MI","26103",428.3
"Matagorda County","TX","48321",428.3
"Karnes County","TX","48255",428.2
"Harrison County","TX","48203",428.2
"Gulf County","FL","12045",428
"Baker County","OR","41001",427.9
"Butler County","IA","19023",427.9
"Grafton County","NH","33009",427.8
"Tipton County","IN","18159",427.7
"Van Wert County","OH","39161",427.6
"Washington County","MO","29221",427.6
"Clay County","SD","46027",427.6
"Ringgold County","IA","19159",427.5
"Sioux County","IA","19167",427.5
"Boone County","IA","19015",427.4
"Huron County","MI","26063",427.4
"Washington County","NE","31177",427.3
"West Carroll Parish","LA","22123",427.3
"Lancaster County","SC","45057",427.3
"Benewah County","ID","16009",427.3
"Camden County","NC","37029",427.3
"Emanuel County","GA","13107",427.2
"Hood County","TX","48221",427.1
"Hill County","TX","48217",427.1
"Manitowoc County","WI","55071",427
"Bay County","MI","26017",427
"Kemper County","MS","28069",427
"Albany County","WY","56001",427
"Murray County","OK","40099",426.9
"Lake County","TN","47095",426.9
"Dubois County","IN","18037",426.8
"Adair County","IA","19001",426.8
"Schleicher County","TX","48413",426.7
"Assumption Parish","LA","22007",426.6
"Van Buren County","AR","05141",426.5
"Pontotoc County","OK","40123",426.5
"Chariton County","MO","29041",426.5
"Seminole County","OK","40133",426.3
"Braxton County","WV","54007",426.3
"Davis County","UT","49011",426.2
"Pottawatomie County","OK","40125",426
"Gladwin County","MI","26051",426
"Arapahoe County","CO","08005",425.9
"Love County","OK","40085",425.8
"Columbiana County","OH","39029",425.8
"Beaufort County","SC","45013",425.7
"Northampton County","NC","37131",425.7
"Presque Isle County","MI","26141",425.6
"Franklin County","FL","12037",425.6
"Marshall County","OK","40095",425.6
"Hood River County","OR","41027",425.5
"Miller County","GA","13201",425.5
"Clay County","TN","47027",425.5
"Collin County","TX","48085",425.5
"Ward County","TX","48475",425.4
"Choctaw County","OK","40023",425.3
"Denver County","CO","08031",425.2
"Saunders County","NE","31155",425.1
"Phelps County","MO","29161",425.1
"Okfuskee County","OK","40107",425.1
"Valley County","ID","16085",425.1
"Silver Bow County","MT","30093",425
"Nueces County","TX","48355",425
"Dillon County","SC","45033",424.9
"Chatham County","NC","37037",424.9
"Beckham County","OK","40009",424.8
"Lamar County","MS","28073",424.7
"Liberty County","TX","48291",424.6
"Dona Ana County","NM","35013",424.6
"Benton County","OR","41003",424.6
"Valley County","MT","30105",424.5
"Iron County","UT","49021",424.5
"Pike County","IN","18125",424.4
"Schoolcraft County","MI","26153",424.3
"Platte County","NE","31141",424.3
"Cass County","MO","29037",424.3
"Cooke County","TX","48097",424.3
"Humphreys County","MS","28053",424.2
"Lewis County","WA","53041",424.2
"San Luis Obispo County","CA","06079",424.2
"Green Lake County","WI","55047",424.2
"Hamilton County","NE","31081",424.2
"Brown County","IN","18013",424.1
"Hooker County","NE","31091",424
"Webb County","TX","48479",424
"Pierce County","NE","31139",423.9
"Harrison County","OH","39067",423.9
"Deer Lodge County","MT","30023",423.9
"Tulare County","CA","06107",423.9
"Adams County","ID","16003",423.9
"Yuma County","CO","08125",423.9
"Atoka County","OK","40005",423.8
"Suwannee County","FL","12121",423.7
"Coal County","OK","40029",423.6
"Goliad County","TX","48175",423.6
"Deuel County","SD","46039",423.6
"Taylor County","TX","48441",423.5
"Bonneville County","ID","16019",423.4
"Johnson County","IN","18081",423.4
"Bingham County","ID","16011",423.3
"Union County","IA","19175",423.3
"Scott County","AR","05127",423.3
"Hendry County","FL","12051",423.2
"Bowie County","TX","48037",423.2
"Clark County","AR","05019",423.1
"Salt Lake County","UT","49035",422.8
"Dundy County","NE","31057",422.8
"Nuckolls County","NE","31129",422.8
"Bremer County","IA","19017",422.7
"Harris County","GA","13145",422.5
"Highlands County","FL","12055",422.5
"Sauk County","WI","55111",422.3
"Pemiscot County","MO","29155",422
"Otero County","CO","08089",421.9
"Searcy County","AR","05129",421.8
"Sherman County","NE","31163",421.8
"Dunklin County","MO","29069",421.7
"Gratiot County","MI","26057",421.5
"Warren County","OH","39165",421.4
"Brown County","TX","48049",421.1
"Perkins County","SD","46105",421.1
"DeKalb County","TN","47041",421.1
"Andrews County","TX","48003",421.1
"Seminole County","GA","13253",420.9
"Spencer County","IN","18147",420.8
"Osage County","MO","29151",420.7
"Jefferson County","IA","19101",420.7
"Randall County","TX","48381",420.6
"Terry County","TX","48445",420.5
"Liberty County","FL","12077",420.5
"Otsego County","MI","26137",420.5
"Pawnee County","OK","40117",420.5
"Izard County","AR","05065",420.4
"Kimball County","NE","31105",420.3
"Ripley County","IN","18137",420.1
"Hamilton County","TX","48193",420.1
"Bulloch County","GA","13031",420
"Calaveras County","CA","06009",420
"Van Buren County","MI","26159",420
"Hancock County","OH","39063",420
"Wood County","TX","48499",420
"Colfax County","NE","31037",419.9
"Caldwell County","TX","48055",419.8
"Fayette County","IN","18041",419.7
"Greer County","OK","40055",419.7
"Pitt County","NC","37147",419.6
"Runnels County","TX","48399",419.4
"Blount County","AL","01009",419.4
"Cross County","AR","05037",419.3
"Custer County","ID","16037",419.3
"Marion County","SC","45067",419.3
"Ashland County","WI","55003",419.2
"Platte County","WY","56031",419.2
"Colusa County","CA","06011",419.1
"Adams County","CO","08001",419
"Hall County","TX","48191",419
"Kendall County","TX","48259",419
"Brunswick County","NC","37019",418.8
"Burnet County","TX","48053",418.7
"Hamlin County","SD","46057",418.6
"Wood County","OH","39173",418.5
"Monroe County","OH","39111",418.5
"Beaverhead County","MT","30001",418.5
"Lincoln Parish","LA","22061",418.4
"Berrien County","GA","13019",418.4
"Greene County","AR","05055",418.2
"Pocahontas County","WV","54075",418.1
"Howard County","IN","18067",418.1
"Randolph County","AR","05121",418
"Converse County","WY","56009",417.9
"Cleveland County","AR","05025",417.9
"Belmont County","OH","39013",417.9
"Perquimans County","NC","37143",417.8
"Jefferson County","GA","13163",417.7
"Howard County","AR","05061",417.6
"Highland County","OH","39071",417.6
"Bernalillo County","NM","35001",417.6
"Park County","MT","30067",417.6
"Vernon County","MO","29217",417.4
"Holt County","NE","31089",417.3
"Plumas County","CA","06063",417.3
"Kalkaska County","MI","26079",417.3
"Wahkiakum County","WA","53069",417.2
"Hardeman County","TX","48197",417.1
"Jefferson County","OK","40067",417.1
"Dallas County","MO","29059",417.1
"George County","MS","28039",417.1
"Stevens County","WA","53065",417
"Warren County","GA","13301",417
"Meigs County","OH","39105",416.9
"Rogers County","OK","40131",416.9
"Payne County","OK","40119",416.8
"Richland County","WI","55103",416.8
"Madison County","TN","47113",416.7
"Carter County","TN","47019",416.6
"Fannin County","TX","48147",416.5
"Texas County","OK","40139",416.5
"Ouachita County","AR","05103",416.5
"Carroll County","IN","18015",416.5
"Putnam County","OH","39137",416.3
"Randolph County","WV","54083",416.3
"Howard County","NE","31093",416.3
"Columbia County","GA","13073",416.1
"Floyd County","TX","48153",416
"Wayne County","OH","39169",415.9
"Fillmore County","NE","31059",415.7
"Livingston County","MI","26093",415.7
"Otero County","NM","35035",415.6
"Lubbock County","TX","48303",415.6
"Quay County","NM","35037",415.6
"Valencia County","NM","35061",415.6
"Washington County","TX","48477",415.5
"Montgomery County","MD","24031",415.5
"Teton County","MT","30099",415.4
"Lexington County","SC","45063",415.3
"Clearwater County","ID","16035",415.3
"Clay County","MS","28025",415
"Davis County","IA","19051",415
"St. Lucie County","FL","12111",415
"Missoula County","MT","30063",414.9
"Burleson County","TX","48051",414.9
"Howell County","MO","29091",414.7
"Wells County","IN","18179",414.5
"Tippah County","MS","28139",414.5
"Butler County","NE","31023",414.4
"Seward County","NE","31159",414.4
"Midland County","TX","48329",414.3
"Laclede County","MO","29105",414.2
"Madison County","NC","37115",414.2
"Cameron County","TX","48061",414.1
"Lawrence County","MO","29109",414.1
"Douglas County","CO","08035",414.1
"Avery County","NC","37011",414
"Siskiyou County","CA","06093",413.9
"Abbeville County","SC","45001",413.8
"Christian County","MO","29043",413.8
"Chicot County","AR","05017",413.7
"Big Horn County","WY","56003",413.6
"Jefferson County","NE","31095",413.6
"Gallatin County","MT","30031",413.6
"Jones County","TX","48253",413.5
"Jefferson County","CO","08059",413.5
"Yankton County","SD","46135",413.4
"Austin County","TX","48015",413.3
"Gibson County","IN","18051",413.3
"Ionia County","MI","26067",413.3
"Miami County","IN","18103",413.3
"Hinsdale County","CO","08053",413
"Tallahatchie County","MS","28135",413
"Lowndes County","MS","28087",412.9
"Dawson County","NE","31047",412.9
"St. Helena Parish","LA","22091",412.9
"Campbell County","WY","56005",412.8
"Ellis County","OK","40045",412.7
"San Juan County","WA","53055",412.7
"Comal County","TX","48091",412.6
"Noble County","IN","18113",412.5
"Panola County","TX","48365",412.5
"Sarasota County","FL","12115",412.4
"Crenshaw County","AL","01041",412.3
"Green County","WI","55045",412.3
"Hyde County","NC","37095",412.2
"Otoe County","NE","31131",412.1
"Phillips County","CO","08095",412.1
"Nemaha County","NE","31127",412.1
"Kiowa County","CO","08061",412.1
"Steuben County","IN","18151",412
"Upshur County","TX","48459",411.9
"Benton County","MS","28009",411.9
"Dyer County","TN","47045",411.9
"Woods County","OK","40151",411.8
"La Plata County","CO","08067",411.8
"Adams County","IN","18001",411.7
"Iowa County","WI","55049",411.7
"Winneshiek County","IA","19191",411.7
"Jeff Davis County","GA","13161",411.6
"Sandoval County","NM","35043",411.6
"Washington County","AR","05143",411.5
"Eaton County","MI","26045",411.3
"Colfax County","NM","35007",411.3
"Maricopa County","AZ","04013",411.2
"Hamilton County","IN","18057",411
"Brown County","NE","31017",411
"Throckmorton County","TX","48447",411
"Fergus County","MT","30027",411
"Montgomery County","IN","18107",410.7
"Vernon County","WI","55123",410.5
"Park County","WY","56029",410.4
"McIntosh County","OK","40091",410.2
"Jerauld County","SD","46073",410.2
"Tillamook County","OR","41057",410.1
"Isabella County","MI","26073",410.1
"Fairbanks North Star","AK","02090",409.7
"Grant County","WI","55043",409.7
"Lenawee County","MI","26091",409.6
"Brazos County","TX","48041",409.4
"Swisher County","TX","48437",409.4
"Lincoln County","AR","05079",409.3
"Parke County","IN","18121",409.2
"Pacific County","WA","53049",409.2
"Johnson County","AR","05071",409.2
"Polk County","MO","29167",409.2
"Poweshiek County","IA","19157",409
"Duchesne County","UT","49013",408.8
"Kenai Peninsula Borough","AK","02122",408.8
"Crane County","TX","48103",408.7
"Kerr County","TX","48265",408.7
"Garfield County","UT","49017",408.7
"Brown County","SD","46013",408.6
"Pondera County","MT","30073",408.6
"Martin County","FL","12085",408.4
"Tripp County","SD","46123",408.1
"Gillespie County","TX","48171",408.1
"Callahan County","TX","48059",408.1
"Oktibbeha County","MS","28105",407.9
"Mississippi County","AR","05093",407.8
"Knox County","MO","29103",407.8
"Barron County","WI","55005",407.8
"Clark County","SD","46025",407.8
"Madison Parish","LA","22065",407.7
"Weber County","UT","49057",407.5
"Lancaster County","NE","31109",407.3
"Daviess County","IN","18027",407.3
"Sutton County","TX","48435",407.3
"Hockley County","TX","48219",407.3
"Nevada County","CA","06057",407.2
"Bonner County","ID","16017",407.2
"Pickens County","AL","01107",407.1
"Wagoner County","OK","40145",406.9
"Red Willow County","NE","31145",406.9
"Calhoun County","MI","26025",406.9
"Clay County","TX","48077",406.8
"Allamakee County","IA","19005",406.8
"Caribou County","ID","16029",406.8
"Atascosa County","TX","48013",406.4
"Rio Arriba County","NM","35039",406.2
"Portage County","WI","55097",406.1
"Butte County","ID","16023",406.1
"Freestone County","TX","48161",406
"Watauga County","NC","37189",405.9
"Morgan County","CO","08087",405.9
"Johnson County","WY","56019",405.8
"Anderson County","TX","48001",405.6
"Manatee County","FL","12081",405.6
"DeSoto County","FL","12027",405.5
"Missaukee County","MI","26113",405.4
"Atkinson County","GA","13003",405.3
"Randolph County","GA","13243",405.3
"Charlotte County","FL","12015",405.2
"Fremont County","WY","56013",405.2
"Broomfield County","CO","08014",405.1
"Currituck County","NC","37053",405.1
"Harmon County","OK","40057",404.9
"Inyo County","CA","06027",404.9
"Donley County","TX","48129",404.8
"Lee County","FL","12071",404.8
"Robertson County","TX","48395",404.7
"Jefferson County","ID","16051",404.6
"Boulder County","CO","08013",404.4
"Meade County","SD","46093",404.4
"Washington County","UT","49053",404.3
"Travis County","TX","48453",404.2
"Graham County","AZ","04009",404.2
"Los Alamos County","NM","35028",404
"Collingsworth County","TX","48087",404
"Franklin County","ME","23007",404
"Gilchrist County","FL","12041",403.8
"Fulton County","AR","05049",403.6
"Prowers County","CO","08099",403.5
"Weston County","WY","56045",403.4
"Craighead County","AR","05031",403.3
"Waushara County","WI","55137",403.3
"Chester County","TN","47023",403.3
"Baraga County","MI","26013",403.2
"Neshoba County","MS","28099",403.2
"Crisp County","GA","13081",403.1
"Logan County","CO","08075",403
"Phillips County","MT","30071",402.9
"Williams County","OH","39171",402.9
"Madison County","TX","48313",402.7
"Oscoda County","MI","26135",402.7
"Houston County","TX","48225",402
"Juab County","UT","49023",402
"Douglas County","OR","41019",401.9
"Lincoln County","TN","47103",401.8
"Morris County","TX","48343",401.6
"Graham County","NC","37075",401.6
"Kodiak Island Borough","AK","02150",401.6
"Delta County","TX","48119",401.4
"Ware County","GA","13299",401.4
"Waller County","TX","48473",401.3
"Pima County","AZ","04019",401.3
"Wheeler County","OR","41069",401.3
"Sevier County","AR","05133",401.1
"Marion County","TX","48315",401
"Red River County","TX","48387",401
"Franklin County","IN","18047",401
"Cedar County","MO","29039",400.9
"Monroe County","FL","12087",400.8
"Grant County","NM","35017",400.6
"Power County","ID","16077",400.5
"Walker County","GA","13295",400.3
"Garden County","NE","31069",400.3
"Benton County","AR","05007",400
"Cheyenne County","CO","08017",400
"Mercer County","MO","29129",399.8
"Nowata County","OK","40105",399.8
"Shannon County","MO","29203",399.5
"Mayes County","OK","40097",399.5
"Ottawa County","MI","26139",399.4
"Jack County","TX","48237",399.3
"McCulloch County","TX","48307",399.3
"Burnett County","WI","55013",399.2
"Taylor County","WI","55119",399.2
"Sweetwater County","WY","56037",398.8
"Teton County","WY","56039",398.8
"Hopkins County","TX","48223",398.8
"Custer County","NE","31041",398.7
"Camden County","MO","29029",398.6
"Barton County","MO","29011",398.2
"Pittsburg County","OK","40121",398.2
"San Juan County","NM","35045",398.1
"Greeley County","NE","31077",398.1
"Elbert County","CO","08039",398
"Phillips County","AR","05107",398
"Shelby County","TX","48419",398
"Barnwell County","SC","45011",397.8
"Dade County","MO","29057",397.7
"Kittitas County","WA","53037",397.6
"Columbia County","AR","05027",397.4
"Lafayette County","FL","12067",397.3
"Stone County","AR","05137",397.3
"Walton County","FL","12131",397.1
"Lincoln County","SD","46083",397.1
"Mesa County","CO","08077",397
"Sevier County","UT","49041",396.9
"Lake County","MI","26085",396.8
"Titus County","TX","48449",396.7
"Claiborne County","MS","28021",396.7
"Midland County","MI","26111",396.5
"Lincoln County","GA","13181",396
"McCormick County","SC","45065",395.9
"Ontonagon County","MI","26131",395.9
"Cotton County","OK","40033",395.8
"Ralls County","MO","29173",395.6
"Modoc County","CA","06049",395.3
"Alger County","MI","26003",395.2
"Coconino County","AZ","04005",395.2
"Clear Creek County","CO","08019",395
"Bladen County","NC","37017",394.8
"Sheridan County","NE","31161",394.7
"Chaffee County","CO","08015",394.6
"Alfalfa County","OK","40003",394.4
"Williamson County","TX","48491",394.3
"Franklin County","AR","05047",394.3
"St. Joseph County","MI","26149",394.3
"Lee County","AL","01081",394.1
"Bandera County","TX","48019",394
"Polk County","NC","37149",393.5
"Wise County","TX","48497",393
"Johnston County","OK","40069",392.9
"Mariposa County","CA","06043",392.8
"York County","NE","31185",392.7
"Hays County","TX","48209",392.7
"Pike County","AR","05109",392.7
"Klickitat County","WA","53039",392.6
"Polk County","AR","05113",392.5
"Choctaw County","AL","01023",392.3
"Cass County","TX","48067",392
"Taylor County","WV","54091",392
"Crawford County","MI","26039",391.9
"Jackson County","TX","48239",391.7
"Phelps County","NE","31137",391.7
"Somervell County","TX","48425",391.7
"Millard County","UT","49027",391.6
"Yavapai County","AZ","04025",391.5
"Big Horn County","MT","30003",391.3
"Newberry County","SC","45071",390.9
"Coleman County","TX","48083",390.6
"Parmer County","TX","48369",390.5
"Taylor County","GA","13269",390.5
"DeKalb County","AL","01049",390.2
"Garfield County","CO","08045",390.1
"Dillingham Census Area","AK","02070",390
"Sheridan County","MT","30091",389.9
"Mackinac County","MI","26097",389.9
"Transylvania County","NC","37175",389.8
"Delta County","MI","26041",389.7
"Henry County","OH","39069",389.6
"Uinta County","WY","56041",389.5
"LaGrange County","IN","18087",389.4
"Garrett County","MD","24023",389.3
"Calhoun County","AR","05013",389.2
"Broadwater County","MT","30007",389
"Erath County","TX","48143",389
"Lane County","OR","41039",388.8
"Latah County","ID","16057",388.8
"Skamania County","WA","53059",388.8
"Newaygo County","MI","26123",388.6
"Larimer County","CO","08069",388.5
"Blaine County","ID","16013",388.3
"Ravalli County","MT","30081",388.1
"Hale County","TX","48189",388
"Kane County","UT","49025",388
"Utah County","UT","49049",387.7
"Marshall County","SD","46091",387.6
"Newton County","AR","05101",387.5
"Ottawa County","OK","40115",387.5
"Decatur County","GA","13087",387.5
"Colorado County","TX","48089",387
"Clark County","ID","16033",386.9
"Moore County","TN","47127",386.9
"Grady County","OK","40051",386.5
"Barry County","MO","29009",386.5
"Lafayette County","WI","55065",386.5
"McCone County","MT","30055",386.5
"Nevada County","AR","05099",386.4
"Aiken County","SC","45003",386.2
"Bleckley County","GA","13023",386.2
"Grand County","UT","49019",386.1
"Weld County","CO","08123",386
"Chaves County","NM","35005",385.9
"Iosco County","MI","26069",385.7
"Lawrence County","SD","46081",385.7
"Washita County","OK","40149",385.4
"Gadsden County","FL","12039",385.4
"Alcona County","MI","26001",385.4
"Shelby County","OH","39149",384.8
"Grant County","OR","41023",384.8
"Pendleton County","WV","54071",384.6
"Mora County","NM","35033",383.9
"Rusk County","TX","48401",383.7
"District of Columbia",,"11001",383.4
"Chippewa County","MI","26033",383.2
"Texas County","MO","29215",382.8
"Huerfano County","CO","08055",382.6
"Luce County","MI","26095",382.5
"Reynolds County","MO","29179",382.4
"Cherokee County","OK","40021",382.4
"Valdez-Cordova Census Area","AK","02261",382.1
"Curry County","OR","41015",382.1
"Delta County","CO","08029",382
"Dade County","GA","13083",381.9
"Sanpete County","UT","49039",381.9
"Park County","CO","08093",381.9
"Schley County","GA","13249",381.4
"Pepin County","WI","55091",381.3
"Dunn County","WI","55033",381.2
"Lucas County","OH","39095",381
"Moffat County","CO","08081",380.9
"Bacon County","GA","13005",380.7
"Box Elder County","UT","49003",380.6
"Washington County","FL","12133",380.4
"Baca County","CO","08009",380
"Oldham County","TX","48359",379.9
"Lincoln County","WY","56023",379.7
"McIntosh County","GA","13191",379.7
"Camas County","ID","16025",379.6
"Edgefield County","SC","45037",379.1
"Buffalo County","WI","55011",379
"Ste. Genevieve County","MO","29186",378.8
"Montgomery County","AR","05097",378.5
"Archuleta County","CO","08007",378.5
"Bosque County","TX","48035",378.4
"Llano County","TX","48299",378.3
"Adair County","OK","40001",378.2
"Lee County","AR","05077",378.2
"Blanco County","TX","48031",377.6
"Crittenden County","AR","05035",377.3
"Fayette County","TX","48149",377.2
"Delaware County","OK","40041",377.2
"Eddy County","NM","35015",377.2
"Lincoln County","CO","08073",377.1
"Lake County","CO","08065",377
"Falls County","TX","48145",377
"Little River County","AR","05081",376.8
"Bailey County","TX","48017",376.6
"DeBaca County","NM","35011",376.1
"Tillman County","OK","40141",376.1
"Leon County","FL","12073",376
"Summers County","WV","54089",376
"Marion County","GA","13197",375.9
"Santa Fe County","NM","35049",375.9
"Fremont County","ID","16043",375.7
"Hardy County","WV","54031",375.5
"Adams County","WA","53001",375.5
"Johnson County","GA","13167",375.5
"Morgan County","UT","49029",375.4
"Attala County","MS","28007",375.2
"Stone County","MO","29209",375.1
"Rio Grande County","CO","08105",374.7
"Idaho County","ID","16049",374.6
"Walthall County","MS","28147",374.5
"Lincoln County","OK","40081",374.5
"Dooly County","GA","13093",374.4
"Las Animas County","CO","08071",374.2
"Wilkinson County","MS","28157",374
"Bamberg County","SC","45009",373.7
"Washington County","CO","08121",373.6
"Moody County","SD","46101",373.6
"Irion County","TX","48235",373.4
"Cuming County","NE","31039",373.2
"Wayne County","UT","49055",373.1
"Madison County","ID","16065",373
"Noxubee County","MS","28103",373
"Montrose County","CO","08085",372.9
"Bannock County","ID","16005",372.8
"Tyler County","TX","48457",372.7
"Torrance County","NM","35057",372.6
"Whitman County","WA","53075",372.6
"Garza County","TX","48169",372.5
"Reeves County","TX","48389",372.4
"Atchison County","MO","29005",372.2
"Carroll County","MS","28015",371.8
"Navajo County","AZ","04017",371.8
"Socorro County","NM","35053",371.7
"Hillsdale County","MI","26059",371.4
"Boyd County","NE","31015",371.3
"Appling County","GA","13001",371.2
"Lassen County","CA","06035",371.2
"Cache County","UT","49005",370.4
"Uintah County","UT","49047",370.4
"Beaver County","OK","40007",370.2
"Nance County","NE","31125",369.9
"Allegan County","MI","26005",369.9
"Hidalgo County","TX","48215",369.5
"Frontier County","NE","31063",369.4
"Duval County","TX","48131",369
"Taliaferro County","GA","13265",368.7
"Bee County","TX","48025",368.6
"Corson County","SD","46031",368.6
"Franklin County","ID","16041",368.4
"Wayne County","IA","19185",368.2
"Lake County","OR","41037",368.2
"Sully County","SD","46119",368.1
"Greenlee County","AZ","04011",368
"Ogemaw County","MI","26129",368
"Holt County","MO","29087",367.9
"Carroll County","AR","05015",367.6
"Menominee County","WI","55078",367.5
"Calhoun County","FL","12013",367.1
"Glades County","FL","12043",366.8
"Wheeler County","GA","13309",366.6
"Cochise County","AZ","04003",366.2
"Custer County","SD","46033",365.3
"Moniteau County","MO","29135",365
"Hempstead County","AR","05057",364.9
"Lea County","NM","35025",364.8
"Lee County","TX","48287",364.4
"Bon Homme County","SD","46009",364.4
"Asotin County","WA","53003",364.2
"Brewster County","TX","48043",364.2
"Alpine County","CA","06003",364.2
"Gila County","AZ","04007",363.9
"Pecos County","TX","48371",363.8
"Noble County","OH","39121",363.5
"Houghton County","MI","26061",363.4
"Charlton County","GA","13049",363.4
"Madison County","AR","05087",362.5
"Saluda County","SC","45081",362.2
"Crockett County","TX","48105",362.1
"Kent County","TX","48263",361.8
"Roosevelt County","NM","35041",361.4
"Ozark County","MO","29153",361.3
"Florence County","WI","55037",361.3
"Haines Borough","AK","02100",361.2
"Goshen County","WY","56015",361
"St. Clair County","MO","29185",360.9
"Jefferson County","FL","12065",360.7
"Catoosa County","GA","13047",360.2
"Routt County","CO","08107",360
"Greene County","MS","28041",359.7
"Kit Carson County","CO","08063",359.6
"Sedgwick County","CO","08115",359.5
"Uvalde County","TX","48463",359.5
"Monroe County","MI","26115",359.3
"Lincoln County","NM","35027",358.6
"Wayne County","NE","31179",358.6
"Denali","AK","02068",358.3
"Yuma County","AZ","04027",358.2
"Cherry County","NE","31031",358.2
"Medina County","TX","48325",358
"Jim Wells County","TX","48249",357.8
"Walworth County","SD","46129",357.1
"St. Francis County","AR","05123",356.7
"Crosby County","TX","48107",355.6
"Shackelford County","TX","48417",355.6
"Andrew County","MO","29003",355.5
"Hickory County","MO","29085",354.9
"Concho County","TX","48095",354.7
"Hand County","SD","46059",354.4
"Gonzales County","TX","48177",354.1
"Stonewall County","TX","48433",353.6
"Wibaux County","MT","30109",353.6
"Leelanau County","MI","26089",353.3
"McKinley County","NM","35031",353.2
"Schuyler County","MO","29197",352.7
"Kimble County","TX","48267",352
"Wilson County","TX","48493",351.9
"Hamilton County","FL","12047",351.9
"Fulton County","OH","39051",351.9
"Juneau Borough","AK","02110",351.5
"Lincoln County","WA","53043",351.5
"Boundary County","ID","16021",351.3
"Lafayette County","AR","05073",350.4
"Roberts County","SD","46109",350
"Knox County","TX","48275",349.9
"Woodward County","OK","40153",349.2
"Oceana County","MI","26127",349.1
"Costilla County","CO","08023",348.6
"Hancock County","GA","13141",348.1
"Oregon County","MO","29149",347.9
"Worth County","MO","29227",347.8
"Grimes County","TX","48185",347.7
"Branch County","MI","26023",347.6
"Eagle County","CO","08037",347.6
"Cassia County","ID","16031",347.5
"Gates County","NC","37073",347
"Upton County","TX","48461",346.8
"Tensas Parish","LA","22107",346.6
"Roger Mills County","OK","40129",346.4
"Gilpin County","CO","08047",346.4
"Keweenaw County","MI","26083",346.3
"Douglas County","WI","55031",345.9
"Pinal County","AZ","04021",345.3
"Live Oak County","TX","48297",345.1
"Sanilac County","MI","26151",345
"Collier County","FL","12021",344.7
"Harney County","OR","41025",343.6
"Ouray County","CO","08091",343.3
"Conejos County","CO","08021",343.2
"Madison County","MT","30057",343
"Newton County","TX","48351",343
"Dawes County","NE","31045",342.3
"Howard County","MO","29089",341.4
"Candler County","GA","13043",341.4
"DeKalb County","MO","29063",341.1
"Emery County","UT","49015",340.3
"Perkins County","NE","31135",339.9
"Curry County","NM","35009",339.3
"Pushmataha County","OK","40127",338.9
"Lamb County","TX","48279",338.5
"Dickinson County","MI","26043",338.4
"Frio County","TX","48163",338.4
"Teton County","ID","16081",338.1
"Hidalgo County","NM","35023",338
"Ferry County","WA","53019",337.5
"Foard County","TX","48155",337.3
"Wheatland County","MT","30107",337.2
"Bent County","CO","08011",336.9
"Valley County","NE","31175",336.9
"Oneida County","ID","16071",336.6
"Real County","TX","48385",336.4
"Polk County","WI","55095",336.1
"Jeff Davis County","TX","48243",335.9
"Dickens County","TX","48125",335.6
"Briscoe County","TX","48045",335.4
"Pulaski County","GA","13235",334.8
"Gogebic County","MI","26053",334.7
"McDonald County","MO","29119",334.3
"Douglas County","MO","29067",333.8
"Scotland County","MO","29199",333.3
"Bayfield County","WI","55007",332.6
"Southeast Fairbanks Census Area","AK","02240",332.6
"Sherman County","TX","48421",332.2
"Osage County","OK","40113",331.9
"Zapata County","TX","48505",331.3
"Catron County","NM","35003",330.7
"Edwards County","TX","48137",330.2
"Bear Lake County","ID","16007",329.6
"Liberty County","MT","30051",329.4
"La Paz County","AZ","04012",328.7
"Telfair County","GA","13271",328.7
"Rich County","UT","49033",328.6
"Mason County","MI","26105",328.2
"Willacy County","TX","48489",327.6
"Daggett County","UT","49009",327
"Sierra County","CA","06091",326.7
"San Augustine County","TX","48405",326.4
"Cass County","MI","26027",326.2
"Mills County","TX","48333",325.9
"Grant County","WV","54023",325.8
"Haskell County","TX","48207",325.8
"San Miguel County","CO","08113",325.7
"Crowley County","CO","08025",325.1
"Sequoyah County","OK","40135",324.3
"Sublette County","WY","56035",323.6
"Zavala County","TX","48507",323.1
"Clinton County","MI","26037",323.1
"Smith County","MS","28129",321.4
"Jones County","SD","46075",321.2
"Holmes County","OH","39075",320.9
"Taos County","NM","35055",320.5
"Iron County","MI","26071",319.3
"San Miguel County","NM","35047",317.9
"Newton County","MO","29145",316.7
"La Salle County","TX","48283",316.6
"Latimer County","OK","40077",316.1
"Sterling County","TX","48431",315.7
"Saguache County","CO","08109",315
"Cedar County","NE","31027",313.9
"McPherson County","SD","46089",313.7
"Madison County","FL","12079",313
"St. Croix County","WI","55109",312.8
"Santa Cruz County","AZ","04023",312.8
"Le Flore County","OK","40079",311.7
"Keya Paha County","NE","31103",310.3
"Jackson County","FL","12063",307.9
"Pitkin County","CO","08097",307
"Franklin County","NE","31061",304.9
"Menominee County","MI","26109",303.3
"Gunnison County","CO","08051",302.6
"Apache County","AZ","04001",302.4
"Campbell County","SD","46021",302.4
"Skagway Hoonah Angoon Census Area","AK","02232",302.1
"Hudspeth County","TX","48229",300
"Grand County","CO","08049",298.1
"Archer County","TX","48009",295.6
"Menard County","TX","48327",294.6
"San Juan County","UT","49037",294.4
"Dimmit County","TX","48127",293.4
"Mono County","CA","06051",293
"Cottle County","TX","48101",291.7
"Sitka Borough","AK","02220",290.7
"Wheeler County","NE","31183",289.1
"Mason County","TX","48319",288.7
"San Saba County","TX","48411",288.2
"Motley County","TX","48345",287.9
"Gaines County","TX","48165",287.4
"Barry County","MI","26015",287.1
"Maries County","MO","29125",285.8
"Choctaw County","MS","28019",285.4
"Mineral County","CO","08079",284.9
"Carson County","TX","48065",283.6
"Lynn County","TX","48305",282.5
"Pierce County","WI","55093",281.5
"Crook County","WY","56011",281
"Jackson County","CO","08057",275.2
"Harding County","SD","46063",267.8
"Jefferson County","MS","28063",265.4
"Hayes County","NE","31085",265.1
"Lipscomb County","TX","48295",264.9
"Union County","NM","35059",262.6
"Hartley County","TX","48205",261.5
"Jackson County","SD","46071",258.4
"Summit County","CO","08117",257.6
"Webster County","GA","13307",257.3
"Martin County","TX","48317",256.5
"Presidio County","TX","48377",252.2
"Holmes County","FL","12059",243.5
"Garfield County","WA","53023",241.7
"Bethel Census Area","AK","02050",239.5
"Starr County","TX","48427",233.7
"Stanton County","NE","31167",231.1
"Kinney County","TX","48271",231
"Garfield County","MT","30033",225.3
"Doddridge County","WV","54017",225.1
"Dolores County","CO","08033",222.4
"Carter County","MT","30011",204.9
